{
  "A_baseline": {
    "mean": 0.7794236540889822,
    "std": 0.011596641040568975,
    "status": "keep"
  },
  "B_1layer": {
    "mean": 0.8184600258316337,
    "std": 0.0014215837329428728,
    "status": "keep"
  },
  "C_rel_phi": {
    "mean": 0.8187088247598511,
    "std": 0.00207272387233908,
    "status": "keep"
  },
  "D_rel_eye": {
    "mean": 0.8180654255671191,
    "std": 0.001840146226162688,
    "status": "discard"
  },
  "E_rel_phi_d": {
    "mean": 0.8165915741457042,
    "std": 0.0004807757189421105,
    "status": "discard"
  },
  "F_rel_h128": {
    "mean": 0.8153290594444887,
    "std": 0.00031487503851824664,
    "status": "discard"
  }
}