{
  "Random": {
    "values": [
      -0.002706587330750914
    ],
    "mean": -0.002706587330750914,
    "std": 0.0
  },
  "Ahn (shared_count)": {
    "values": [
      -0.05415224026430508
    ],
    "mean": -0.05415224026430508,
    "std": 0.0
  },
  "Jaccard": {
    "values": [
      -0.042414077135107114
    ],
    "mean": -0.042414077135107114,
    "std": 0.0
  },
  "SVD Spectral": {
    "values": [
      -0.0391460057528619
    ],
    "mean": -0.0391460057528619,
    "std": 0.0
  },
  "BPR-MF": {
    "values": [
      0.836058756300442,
      0.8361452320398093,
      0.8360115777441861
    ],
    "mean": 0.8360718553614791,
    "std": 5.534471811397127e-05
  },
  "1L-HGN": {
    "values": [
      0.8309990958635161,
      0.8305391695461191,
      0.8344115105799513
    ],
    "mean": 0.8319832586631954,
    "std": 0.0017272692480289867
  }
}