{
  "A_dual_encoder": {
    "values": [
      0.8388852368952187,
      0.8420855942396007,
      0.841025713435328
    ],
    "mean": 0.8406655148567158,
    "std": 0.0013311346150210175
  },
  "B_profile_input": {
    "values": [
      0.7741741037904961,
      0.7761075867903916,
      0.7654911887486769
    ],
    "mean": 0.7719242931098549,
    "std": 0.004616868557733061
  },
  "C_hard_neg": {
    "values": [
      0.7594658559029687,
      0.766175338060443,
      0.7689900392875858
    ],
    "mean": 0.7648770777503325,
    "std": 0.0039951326353084935
  },
  "D_dual_hardneg": {
    "values": [
      0.7538811959426083,
      0.7572634660223123,
      0.7581963437295373
    ],
    "mean": 0.7564470018981525,
    "std": 0.0018538402224013138
  }
}