{
  "BPR-MF": {
    "train": [
      0.830082293096748,
      0.8345241439442452,
      0.8319814564549328
    ],
    "test": [
      0.6544454714438843,
      0.6696182876736303,
      0.6844740892108094
    ]
  },
  "1L-HGN": {
    "train": [
      0.8333222704212774,
      0.8269882167945531,
      0.8300720521943424
    ],
    "test": [
      0.7232617077570376,
      0.7089939646939089,
      0.7197979894183014
    ]
  },
  "DualEncoder": {
    "train": [
      0.8329940781314707,
      0.8380710001060414,
      0.8302691818122201
    ],
    "test": [
      0.7051310516466791,
      0.7118790407945629,
      0.7217538959778256
    ]
  }
}