{
  "1L-HGN": {
    "train": [
      0.8257976587787128,
      0.8262719604854195,
      0.8247225025575418
    ],
    "test": [
      0.7179934909166226,
      0.7177999199100712,
      0.7161649011093328
    ]
  },
  "ClassConditioned": {
    "train": [
      0.8259221066188472,
      0.8231260753475178,
      0.8233589959167266
    ],
    "test": [
      0.7109720046479941,
      0.7043599697398351,
      0.7166915844398368
    ]
  }
}