{
  "1L-HGN": {
    "train": [
      0.8268831593159985,
      0.825982447317794,
      0.825798142101085
    ],
    "test": [
      0.7176315780502746,
      0.7110959806708533,
      0.7157824114858532
    ]
  },
  "ProfileGated": {
    "train": [
      0.8134120392478672,
      0.8116559544619472,
      0.8102573521709431
    ],
    "test": [
      0.7233108594880318,
      0.7020104111224317,
      0.7047128004477283
    ]
  }
}