{
  "1L-HGN": {
    "train": [
      0.8279786801326506,
      0.8265926832003163,
      0.8263969055734411
    ],
    "test": [
      0.718037765362425,
      0.715077116743976,
      0.7144302245915981
    ]
  },
  "AntiHomo-lam0.3": {
    "train": [
      0.8192926959009869,
      0.8168252956975556,
      0.8220931003739904
    ],
    "test": [
      0.7184647876407714,
      0.7200708946942715,
      0.7184107720139489
    ]
  },
  "AntiHomo-lam0.5": {
    "train": [
      0.8158469721263228,
      0.8174696381112985,
      0.8157203544027998
    ],
    "test": [
      0.7083405065282735,
      0.713178500059796,
      0.7144663003937924
    ]
  },
  "AntiHomo-lam0.7": {
    "train": [
      0.816286573264221,
      0.8198626647393423,
      0.815509301952674
    ],
    "test": [
      0.7129939040560601,
      0.7129530330552613,
      0.7098109994660557
    ]
  }
}