{
  "AntiHomo-0.05": {
    "train": [
      0.8189958326770794,
      0.8239677891890584,
      0.8160435606488134
    ],
    "test": [
      0.7264767300330763,
      0.7153246704782503,
      0.7180400657312889
    ]
  },
  "AntiHomo-0.1": {
    "train": [
      0.8181432625408218,
      0.8280477233953487,
      0.8179386117558836
    ],
    "test": [
      0.7190503850729623,
      0.7278563710451561,
      0.7161003850039964
    ]
  },
  "AntiHomo-0.15": {
    "train": [
      0.8180033397285894,
      0.8214944581600233,
      0.8170650259673234
    ],
    "test": [
      0.7263170957344691,
      0.7228436210858403,
      0.7139728849654572
    ]
  },
  "AntiHomo-0.2": {
    "train": [
      0.814995422788458,
      0.8219877407254316,
      0.8220417296306316
    ],
    "test": [
      0.7229070745058385,
      0.725139007546504,
      0.7287167315799948
    ]
  },
  "AntiHomo-0.25": {
    "train": [
      0.8206032855003083,
      0.8195232234538485,
      0.822508839195134
    ],
    "test": [
      0.7211384259531582,
      0.7110370323624817,
      0.7221457514396535
    ]
  },
  "AntiHomo-0.3": {
    "train": [
      0.8180020018807076,
      0.8214959112913456,
      0.8187399481799971
    ],
    "test": [
      0.7245686812729678,
      0.7241836203218981,
      0.7124271402333012
    ]
  },
  "AntiHomo-0.35": {
    "train": [
      0.8176084109488908,
      0.8195499407146704,
      0.8174432944873851
    ],
    "test": [
      0.7157871123981222,
      0.7215556698050278,
      0.7037164254817393
    ]
  },
  "AntiHomo-0.5": {
    "train": [
      0.8175609453319789,
      0.8162322395962416,
      0.821924983287517
    ],
    "test": [
      0.722241027425285,
      0.7128348839221507,
      0.7194518332170825
    ]
  },
  "AntiHomo+Dual": {
    "train": [
      0.8336102019212109,
      0.8361681985432657,
      0.8305834895312547
    ],
    "test": [
      0.7163786442184175,
      0.7225263992479384,
      0.7192605426473639
    ]
  },
  "AntiHomo-MSE": {
    "train": [
      0.9763274951072511,
      0.9784499218988928,
      0.9786841170980852
    ],
    "test": [
      0.26667785918692277,
      0.29205115164996276,
      0.2985102745168317
    ]
  },
  "1L-HGN-10seeds": {
    "train": [
      0.8259715089235771,
      0.8260453744712277,
      0.8238716234832285,
      0.8313097809431159,
      0.8235747607569859,
      0.828410337311495,
      0.8200790586909149,
      0.8303578279245636,
      0.8288748453211668,
      0.8315580585238892
    ],
    "test": [
      0.7143902249058671,
      0.7024324203853122,
      0.71456900721924,
      0.7121532926445248,
      0.7100229274996049,
      0.7230527599534287,
      0.720169410019644,
      0.7177051280726062,
      0.7200556768730281,
      0.713078098924402
    ]
  },
  "AntiHomo-0.2-10seeds": {
    "train": [
      0.8182610229254366,
      0.8207402312871127,
      0.821554215510147,
      0.8279400827419671,
      0.82164940074484,
      0.8272972221801896,
      0.8146266230977474,
      0.8222666399874291,
      0.8238476104981896,
      0.8136357452160302
    ],
    "test": [
      0.7208490983192356,
      0.7145939832000916,
      0.7150016735083433,
      0.7084569982079763,
      0.7179847674540555,
      0.7286749072337686,
      0.7103751166769141,
      0.7266137236544529,
      0.7246504362456796,
      0.6954308555750178
    ]
  }
}