{
  "db": "flavorgraph_v3.db",
  "n_ing": 239,
  "n_pairs": 9305,
  "seeds": [
    42,
    123,
    2024,
    7,
    99,
    314,
    777,
    1001,
    2000,
    9999
  ],
  "hgn_scores": [
    0.680001270431568,
    0.6914684423345369,
    0.6798278427972558,
    0.695257398775973,
    0.648288964647435,
    0.6712527290084568,
    0.6910087919107548,
    0.6837606222873714,
    0.6924194558729971,
    0.6783993916683131
  ],
  "anti_scores": [
    0.6912818799351205,
    0.6755954319200844,
    0.6766382808857917,
    0.7057985907264148,
    0.6536437419670489,
    0.6669127233204796,
    0.6962498090692476,
    0.6956521854153412,
    0.7067427022355053,
    0.6907504290497096
  ],
  "hgn_mean": 0.6811684909734662,
  "hgn_std": 0.013133675946291189,
  "anti_mean": 0.6859265774524744,
  "anti_std": 0.016364676806371648,
  "delta_mean": 0.004758086479008161,
  "ci_95": [
    -0.013278084350995511,
    0.013879499341758035
  ],
  "significant": false
}