{
  "db": "flavorgraph_v4.db",
  "n_ing": 578,
  "n_pairs": 21390,
  "seeds": [
    42,
    123,
    2024,
    7,
    99,
    314,
    777,
    1001,
    2000,
    9999
  ],
  "hgn_scores": [
    0.7110996132394708,
    0.6911310309289401,
    0.7265123504054602,
    0.7154724980489611,
    0.7320322863601143,
    0.7103062230522138,
    0.7023932826133441,
    0.7067711724141545,
    0.7033881259870948,
    0.7115346238901034
  ],
  "anti_scores": [
    0.7256355170392721,
    0.6984445550889921,
    0.7335927108846273,
    0.715965366416751,
    0.7210456750104974,
    0.7197770712162055,
    0.7220596382849096,
    0.7311419073313512,
    0.713633306796085,
    0.7301359165381928
  ],
  "hgn_mean": 0.7110641206939857,
  "hgn_std": 0.011173201893879374,
  "anti_mean": 0.7211431664606884,
  "anti_std": 0.009783490931791343,
  "delta_mean": 0.010079045766702687,
  "ci_95": [
    -0.008403728413200338,
    0.023312249586929647
  ],
  "significant": false
}