{
  "n_ing": 1094,
  "n_comp": 983,
  "n_pairs": 66295,
  "hgn_mean": 0.7081627051600331,
  "hgn_std": 0.005226946115871088,
  "anti_mean": 0.700898370591744,
  "anti_std": 0.006344186378525305,
  "delta_mean": -0.007264334568289288,
  "ci_95": [
    -0.012175463753264965,
    -0.0023532053833136106
  ],
  "significant": false,
  "seeds": [
    42,
    123,
    2024,
    7,
    99,
    314,
    777,
    1001,
    2000,
    9999
  ],
  "hgn_scores": [
    0.7040683654701527,
    0.71245898276455,
    0.6967757393648456,
    0.7057359541754994,
    0.7132746984310379,
    0.7140421097114155,
    0.7053219755028518,
    0.7068040567786623,
    0.7136421048642633,
    0.709503064537054
  ],
  "anti_scores": [
    0.6975763676489667,
    0.7108361110533327,
    0.6957665165322402,
    0.6959249662291099,
    0.7102318308123109,
    0.6902143331622519,
    0.6993288929781263,
    0.7057170252270039,
    0.7042833869930889,
    0.6991042752810083
  ]
}