{
  "compound": {
    "mean": 0.06453390992065888,
    "std": 0.007089835011346672,
    "scores": [
      0.059455055369185994,
      0.058606782656561905,
      0.07316417550413234,
      0.06492645138150115,
      0.07917252035071465,
      0.06177903621270985,
      0.060094715609912835,
      0.06987634896603422,
      0.06352569329189492,
      0.05473831986394091
    ]
  },
  "random": {
    "mean": 0.0590429983802027,
    "std": 0.007988049080168686,
    "scores": [
      0.060948202014902496,
      0.0513261730763102,
      0.0643844083810036,
      0.060359309077967375,
      0.06357496054312566,
      0.04739296612800436,
      0.05677632922845023,
      0.05486076943899532,
      0.07733753820746722,
      0.0534693277058006
    ]
  },
  "delta": {
    "mean": 0.005490911540456172,
    "ci_95": [
      -0.0009547008841161633,
      0.011936523965028508
    ],
    "significant": false
  }
}