{
  "mean_tfidf": -0.00231736846107152,
  "min_tfidf": 0.0018094110785286434,
  "mean_pmi": 0.0006348616718826953,
  "min_pmi": -0.0014814566455487463,
  "bias": 4.6488405327698406,
  "feat_means": [
    0.052683870694373226,
    0.021170494620828078,
    0.6389013185494641,
    0.5690455274411114
  ],
  "feat_stds": [
    0.059975487586143045,
    0.05355398176203606,
    0.052294972923394814,
    0.10935347544458195
  ]
}